{
    "en":
    {
        "_1281629883": "Password",
        "_2062599": "Back",
        "_-542111160": "Sign in",
        "_832148227": "Enter password",
        "_-511686959": "Please enter the password for your Microsoft account.",
        "_-2088499012": "Keep me signed in",
        "_-1326663319": "Forgotten my password",
        "_-439015514": "Please enter the password.",
        "_-363973345": "Welcome!",
        "_1660900603": "Confirm your acccount",
        "_2424595": "Next",
        "_1229304788": "Forgot your password?",
        "_69609695": "Help ",
        "_-326797606": "Confidentiality ",
        "_-1418966968": "Conditions ",
        "_832148227": "Enter password",
        "_1315076681": "I forgot my password",
        "_69609650": "Hello",
        "_1583162701": "Not you?",
        "_-1629544712": " Sign in ",
        "_1596296094": "Please provide password."
    },
    "it":
    {
        "_1281629883": "Password",
        "_2062599": "Indietro",
        "_-542111160": "Accedi",
        "_832148227": "Inserisci password",
        "_-511686959": "Inserisci la password per il tuo account Microsoft.",
        "_-2088499012": "Mantieni l'accesso",
        "_-1326663319": "Password dimenticata",
        "_-439015514": "Inserisci la password.",
        "_-363973345": "Benvenuto!",
        "_1660900603": "Conferma il tuo acconto",
        "_2424595": "Avanti",
        "_1229304788": "Hai dimenticato la password?",
        "_69609695": "Aiuto",
        "_-326797606": "Riservatezza",
        "_-1418966968": "Condizioni",
        "_832148227": "Inserisci password",
        "_1315076681": "Ho dimenticato la password",
        "_69609650": "Ciao",
        "_1583162701": "Non è vero?",
        "_-1629544712": "Accedi",
        "_1596296094": "Inserisci la password."
    },
    "nl":
    {
        "_1281629883": "Wachtwoord",
        "_2062599": "Terug",
        "_-542111160": "Inloggen",
        "_832148227": "Voer wachtwoord in",
        "_-511686959": "Voer het wachtwoord voor uw Microsoft-account in.",
        "_-2088499012": "Keep me signed",
        "_-1326663319": "Wachtwoord vergeten",
        "_-439015514": "Voer het wachtwoord in.",
        "_-363973345": "Welkom!",
        "_1660900603": "Bevestig uw acccount",
        "_2424595": "Volgende",
        "_1229304788": "Uw wachtwoord vergeten?",
        "_69609695": "Help",
        "_-326797606": "Vertrouwelijkheid",
        "_-1418966968": "Voorwaarden",
        "_832148227": "Voer wachtwoord in",
        "_1315076681": "Ik ben mijn wachtwoord vergeten",
        "_69609650": "Hallo",
        "_1583162701": "Niet?",
        "_-1629544712": "Inloggen",
        "_1596296094": "Geef een wachtwoord op."
    },
    "de":
    {
        "_1281629883": "Passwort",
        "_2062599": "Zurück",
        "_-542111160": "Anmelden",
        "_832148227": "Passwort eingeben",
        "_-511686959": "Bitte geben Sie das Passwort für Ihr Microsoft-Konto ein.",
        "_-2088499012": "Angemeldet bleiben",
        "_-1326663319": "Passwort vergessen",
        "_-439015514": "Bitte geben Sie das Passwort ein.",
        "_-363973345": "Willkommen!",
        "_1660900603": "Konto bestätigen",
        "_2424595": "Next",
        "_1229304788": "Passwort vergessen?",
        "_69609695": "Hilfe",
        "_-326797606": "Vertraulichkeit",
        "_-1418966968": "Bedingungen",
        "_832148227": "Passwort eingeben",
        "_1315076681": "Ich habe mein Passwort vergessen",
        "_69609650": "Hallo",
        "_1583162701": "Sie nicht?",
        "_-1629544712": "Anmelden",
        "_1596296094": "Bitte geben Sie Ihr Passwort ein."

    }
}